0.0725692	0.886069772	0.834194048	0.315218754	0.048594526	0.048324465	0.086762275
0.0273835	0.836466032	0.792459683	0.440043155	0.04818634	0.048830382	0.081288105
0.0127348	0.924604822	0.899908061	0.434022202	0.04477447	0.044304873	0.080489468
0.00847404	0.918023357	0.884218663	0.53927144	0.045191998	0.036716218	0.089747695
0.00657532	0.896654902	0.850105555	0.455228596	0.038137526	0.03782767	0.071648197
0.00513485	0.912377956	0.895170802	0.460041276	0.055853233	0.05077957	0.08577774
0.00500439	0.92074959	0.89839741	0.567228606	0.039888288	0.037282755	0.084979153
0.0049159	0.849634771	0.809171782	0.521245331	0.042070359	0.038459864	0.07117813
0.00385677	0.924603156	0.917036728	0.537937537	0.040466907	0.040344895	0.075960157
0.0039107	0.910030509	0.899496929	0.569626607	0.04053065	0.035480698	0.067295033
0.00405547	0.902950734	0.832349115	0.334295793	0.039408715	0.040197383	0.088323875
0.00479439	0.910306075	0.879080337	0.514403693	0.042393261	0.040562647	0.077197426
0.00398076	0.929936356	0.909082536	0.556667188	0.046072172	0.044894431	0.076146346
0.00431714	0.886634836	0.867751345	0.449358553	0.038009876	0.034862985	0.076946966
0.00384228	0.906811494	0.898720343	0.467245546	0.043861355	0.038580561	0.076273209
0.00401242	0.901915839	0.891720197	0.545822699	0.043301653	0.041237438	0.09159623
0.00390674	0.849474966	0.789583082	0.507044583	0.045268171	0.040749856	0.075140684
0.00407412	0.885671227	0.837985236	0.524825584	0.037751927	0.036512818	0.07466194
0.0036768	0.789139272	0.71177345	0.444094982	0.041204936	0.045524603	0.071734653
0.00379647	0.909161905	0.886380906	0.567799298	0.042731871	0.039688083	0.071400989
0.00303915	0.885284311	0.886385766	0.567790122	0.035068466	0.031132347	0.07144051
0.00423929	0.880220924	0.844025223	0.566264071	0.05678987	0.055442165	0.083698097
0.00319785	0.89601866	0.841387607	0.469013716	0.049013255	0.046248342	0.08018822
0.0044525	0.901593078	0.873106602	0.416219878	0.039153349	0.038124156	0.088929025
0.00480702	0.926298352	0.874460894	0.467822605	0.04592535	0.039523074	0.075653687
0.00496538	0.893441265	0.885594233	0.513915525	0.038206311	0.035138605	0.078794839
0.00346828	0.907325781	0.885127199	0.474524335	0.043567949	0.040113908	0.078504478
0.00304602	0.87660698	0.887489377	0.565028449	0.050126225	0.039988813	0.064855535
0.00486317	0.825918321	0.82831494	0.551485962	0.052745603	0.040967188	0.082839738
0.00469014	0.797570953	0.767564516	0.539605679	0.041042682	0.038579528	0.070019395
0.00410205	0.908641324	0.872723176	0.564330363	0.040000253	0.033530589	0.07681466
0.00393871	0.910512792	0.901126743	0.340427685	0.04573998	0.034927645	0.07950243
0.00369244	0.897246979	0.869521187	0.536084711	0.037683466	0.035856273	0.080480428
0.00413852	0.893381947	0.875156332	0.486884833	0.034344337	0.032884151	0.071817125
0.00317209	0.872900498	0.82149814	0.435110341	0.038985002	0.039622681	0.07548482
0.00433967	0.865509233	0.80378694	0.506997303	0.044254879	0.044651465	0.081960365
0.00352728	0.895787904	0.865274906	0.60185321	0.044643494	0.04424364	0.084601054
0.0031697	0.772280041	0.748551487	0.524087628	0.054957246	0.044577187	0.078182993
0.00324416	0.908622329	0.896453372	0.442989417	0.041279933	0.03526691	0.076229386
0.0032838	0.923226362	0.919188091	0.593888087	0.037787417	0.035370304	0.070042068
0.00487768	0.928944202	0.920621959	0.442279405	0.035067225	0.031779829	0.081967963
0.00327591	0.806496239	0.775907043	0.598707823	0.063035263	0.054720981	0.067809586
0.00503178	0.843856826	0.871124742	0.539458872	0.047839044	0.041332505	0.081636512
0.00306208	0.234346788	0.201837072	0.461796292	0.078407263	0.068519227	0.078102142
0.00451646	0.877146093	0.84237076	0.466579142	0.039941214	0.039412315	0.068927602
0.0061308	0.841691009	0.848472228	0.540372976	0.039737272	0.038944551	0.072579267
0.00412071	0.909047799	0.861628022	0.454504348	0.038349159	0.036965685	0.081327269
0.0030323	0.853063002	0.831266212	0.43041766	0.039602966	0.038272177	0.074261935
0.00353301	0.906127278	0.879808005	0.523316957	0.039970634	0.034179392	0.068456576
0.00363896	0.892920455	0.868625021	0.57544523	0.040712238	0.038987775	0.07956229
0.00613258	0.895633053	0.888757599	0.497401117	0.036586754	0.030049321	0.073149088
0.00401881	0.919606144	0.913706471	0.482038368	0.038274693	0.03502319	0.075189396
0.00299533	0.916743783	0.867851144	0.483963961	0.043683814	0.047055081	0.088800275
0.00637461	0.92549677	0.905419287	0.601027829	0.04348438	0.037567441	0.076288893
0.0039329	0.887902172	0.841679728	0.662256414	0.055978282	0.057604826	0.078014828
0.00320826	0.918151029	0.911065894	0.615501924	0.037737789	0.034990556	0.078738584
0.00347244	0.888023689	0.897717104	0.38920681	0.040658799	0.036273158	0.068672476
0.00373829	0.918031614	0.885781617	0.517455744	0.04240597	0.044521377	0.071223059
0.00431557	0.858186995	0.846021909	0.615417985	0.048138984	0.039738623	0.068122299
0.0035508	0.860477031	0.819688556	0.550008826	0.041657076	0.036816294	0.072886246
0.003788	0.909486221	0.864324109	0.415008608	0.03646136	0.034125985	0.089762357
0.00309277	0.887649641	0.85687986	0.578343008	0.048172231	0.045948671	0.082012023
0.00338146	0.914960668	0.903683901	0.664958776	0.037091248	0.03691837	0.07272859
0.00284344	0.891325471	0.908009247	0.536033453	0.042013167	0.033574839	0.06534331
0.00427892	0.848694798	0.833665974	0.61075487	0.048454603	0.042112731	0.074098061
0.00338453	0.932269076	0.914410135	0.535067822	0.043849629	0.039536327	0.068731231
0.00345379	0.927393029	0.913150323	0.549913234	0.035441116	0.032061086	0.064537794
0.00530385	0.840195121	0.865360344	0.334462085	0.038276872	0.029190968	0.072992093
0.00372723	0.927180848	0.902220693	0.56050322	0.044411261	0.039685041	0.075852253
0.00393983	0.891179113	0.847422579	0.41469731	0.043011688	0.039908932	0.069122002
0.00319041	0.883599242	0.861380611	0.45381532	0.034414179	0.033692514	0.074131109
0.0035452	0.91605882	0.893018395	0.607028967	0.045673741	0.042913958	0.074230097
0.0032058	0.902584035	0.8930813	0.420049975	0.050518594	0.044873625	0.075251125
0.00305014	0.925189234	0.906057727	0.587893084	0.034357873	0.034242829	0.066922258
0.00362446	0.905264625	0.876706788	0.577681901	0.045783783	0.044878596	0.065839718
0.00326498	0.929413487	0.925282069	0.558719209	0.040337367	0.036532819	0.077192566
0.00265495	0.850174078	0.883225231	0.495777083	0.050000734	0.035666567	0.072938401
0.0030027	0.930651769	0.911225423	0.609668726	0.036924014	0.035728056	0.075205006
0.00347746	0.89822718	0.891468879	0.522381618	0.036084606	0.040230744	0.066030304
0.00418868	0.922133021	0.909738274	0.452827111	0.04162863	0.037340304	0.070014494
0.00410438	0.913733656	0.886929422	0.534510684	0.036364869	0.033927906	0.074090131
0.00330535	0.911094627	0.881655365	0.476057385	0.047245676	0.034133765	0.07493058
0.00357379	0.803553923	0.702199018	0.386820362	0.058024106	0.060662633	0.088709311
0.00323013	0.924335253	0.908216837	0.497174965	0.036891722	0.034660875	0.069571692
0.00352007	0.924480733	0.891680592	0.567173343	0.04775092	0.046544068	0.065456035
0.00422972	0.87362362	0.835680062	0.351274422	0.03935139	0.042652907	0.083193376
0.00335333	0.924170636	0.907767829	0.638552956	0.053735684	0.046476438	0.079186158
0.00327523	0.912982611	0.879972486	0.595593742	0.043722912	0.042677163	0.076209503
0.00493832	0.899346809	0.884724985	0.588025647	0.034057749	0.030721815	0.078112781
0.00334154	0.81363111	0.833655507	0.613757578	0.0595295	0.047702405	0.070928591
0.00444363	0.91856531	0.910578024	0.556119905	0.038609227	0.034022985	0.069002994
0.00327955	0.793619788	0.845620558	0.616563653	0.043668984	0.034989104	0.075440282
0.00379992	0.855912307	0.826275946	0.517770139	0.044282608	0.040826332	0.077289984
0.00396464	0.912460455	0.882765257	0.373662802	0.038200344	0.034029349	0.081722124
0.00423237	0.730339606	0.720713373	0.440500765	0.053150376	0.047086398	0.073850097
0.00558917	0.795297629	0.793049714	0.575086199	0.044370579	0.036399346	0.072246367
0.00415204	0.837757608	0.857358317	0.573625226	0.054198173	0.039253118	0.069690606
0.003673	0.832813574	0.777656479	0.167926013	0.045652482	0.046500037	0.094859219
0.00295629	0.904476124	0.898923105	0.580165705	0.039194888	0.035775291	0.076860339
0.0028646	0.923524202	0.907332376	0.599599499	0.039130783	0.034729541	0.070616428
0.00338059	0.781527346	0.708653335	0.482254161	0.053101466	0.054397627	0.077956923
0.00683608	0.91536265	0.906623118	0.55551288	0.03904851	0.0349829	0.081742012
0.00314605	0.921983848	0.895924796	0.529856316	0.041811	0.038600941	0.083071276
0.00370282	0.907257966	0.900766189	0.540444465	0.038312977	0.031493265	0.069730192
0.00394162	0.857225204	0.847148282	0.21907354	0.051057881	0.046189073	0.080881793
0.00328777	0.919421064	0.887455444	0.548607462	0.034423942	0.032712699	0.072380757
0.00379355	0.844520069	0.801645624	0.523997664	0.060897428	0.060049791	0.071743174
0.00469279	0.913866793	0.886832093	0.492144278	0.042769389	0.040725102	0.074049093
0.0038036	0.892295511	0.862935621	0.35493041	0.037636779	0.033987508	0.078995551
0.00341686	0.857450655	0.81380604	0.517923987	0.054798631	0.055750557	0.065457495
0.00327504	0.909158389	0.827903566	0.457308815	0.043483816	0.044792543	0.093443153
0.00285299	0.911962402	0.878068323	0.572476469	0.038240705	0.033703592	0.067633036
0.00327752	0.87199798	0.835213403	0.567045655	0.047159016	0.046141717	0.082910712
0.00342644	0.906358942	0.90277002	0.565041647	0.044156031	0.039643786	0.088956258
0.00366924	0.903559669	0.901163727	0.551661174	0.040469273	0.038914871	0.077454333
0.00300353	0.89258793	0.862633983	0.479373579	0.046343582	0.042850074	0.076978311
0.00259721	0.877469162	0.841616403	0.522040367	0.04117836	0.034699919	0.067105806
0.00365663	0.903086288	0.895049521	0.523341868	0.033926266	0.032182741	0.078100861
0.00281853	0.881818778	0.855431099	0.464136839	0.052441209	0.044184653	0.068000818
0.00440496	0.908064803	0.903922653	0.341302537	0.037710177	0.034996329	0.077692563
0.00462665	0.858676454	0.82148171	0.506393623	0.039756453	0.036062233	0.069293893
0.0037667	0.906334972	0.878745064	0.535269691	0.046684756	0.040939805	0.069066694
0.00372587	0.865413876	0.838698107	0.385271232	0.062867384	0.054572772	0.085982872
0.00306216	0.853186753	0.804478427	0.498235786	0.042438285	0.04244994	0.07252469
0.00378685	0.909959023	0.870235192	0.504600957	0.038859397	0.035055081	0.073899609
0.00533275	0.853548548	0.885078804	0.512025626	0.060231507	0.042637846	0.070992567
0.00339733	0.910695231	0.883276592	0.584318651	0.039472782	0.036668975	0.068054469
0.00304852	0.909571	0.903745154	0.528239365	0.039304507	0.032685766	0.06949792
0.00233511	0.936166705	0.927227059	0.586817937	0.039075146	0.03964795	0.068989824
0.00320864	0.86127385	0.869993231	0.607609544	0.042720885	0.036725115	0.070234494
0.00277459	0.915274641	0.895454368	0.275128409	0.047315938	0.044916822	0.078089743
0.00364937	0.875834484	0.862626906	0.385442052	0.040996068	0.036604934	0.07992603
0.00293557	0.890164738	0.865416856	0.544789495	0.04991122	0.048286152	0.069721603
0.00307786	0.861470614	0.86147889	0.658125731	0.044637196	0.039619241	0.071503359
0.00517257	0.899205932	0.89017447	0.530354825	0.042935328	0.037548569	0.068938367
0.00329417	0.900667665	0.848017099	0.552100717	0.039134596	0.035852692	0.066618284
0.00335197	0.891714692	0.849116063	0.46014963	0.05115572	0.044241506	0.084827254
0.00345938	0.909547411	0.872138617	0.448231505	0.041495279	0.037409798	0.080404385
0.00323578	0.929888885	0.911298713	0.567394569	0.041562184	0.039260379	0.071274206
0.00296401	0.910603269	0.904720628	0.573832629	0.045819892	0.040739684	0.06994285
0.00333715	0.887088912	0.855985195	0.510604726	0.042667975	0.039378502	0.068800189
0.00320205	0.908363152	0.881955649	0.573196562	0.041851829	0.032515249	0.073321641
0.00294363	0.907455174	0.882941388	0.605718865	0.042350344	0.038776841	0.068940557
0.00338708	0.912170343	0.912385514	0.539452707	0.041430643	0.034636967	0.071254051
0.00404825	0.911940013	0.900378326	0.60940093	0.033022317	0.031187004	0.069182648
0.00248643	0.913802382	0.874272779	0.606403138	0.039528229	0.038040536	0.0648826
0.00467428	0.906587917	0.858777335	0.544296593	0.037522177	0.040004766	0.073946689
0.00314468	0.906041934	0.882196249	0.653552077	0.039166844	0.036700237	0.072149064
0.00320097	0.388421807	0.182955723	0.53333739	0.078526894	0.070440847	0.071914773
0.0028394	0.908954904	0.915208445	0.55550901	0.045307299	0.03462149	0.073312418
0.00300331	0.923533587	0.927380983	0.554078364	0.033690165	0.032639399	0.073725238
0.00300922	0.893645647	0.886788315	0.388662532	0.041844644	0.041485511	0.074866511
0.00308507	0.868018625	0.821391483	0.515930768	0.043493291	0.037510791	0.074044406
0.0033466	0.924888812	0.914535271	0.366224956	0.037014772	0.03312711	0.072722138
0.00342353	0.916513393	0.908169323	0.533520475	0.040227113	0.033595056	0.074004862
0.00266491	0.911918587	0.896910802	0.561218532	0.043143426	0.039485142	0.081797072
0.00535976	0.658652019	0.44151868	0.509941282	0.042124566	0.04540991	0.068774129
0.00341289	0.919545066	0.907634335	0.518528568	0.034255276	0.030373805	0.074051081
0.00324845	0.904861968	0.870931078	0.609659439	0.041202673	0.036121008	0.066646426
0.00291201	0.922478598	0.9049568	0.59472055	0.04274641	0.041426926	0.069274609
0.00311948	0.919474547	0.882919211	0.488298861	0.03597154	0.038622032	0.074609858
0.00310113	0.854851294	0.811008264	0.531760549	0.038355749	0.037022819	0.079061671
0.00280568	0.924639916	0.917251355	0.575518402	0.038073308	0.033851072	0.073310943
0.00301668	0.85104712	0.777942106	0.190530054	0.045526683	0.040748341	0.090937852
0.0027881	0.939414473	0.925224821	0.559207158	0.034892919	0.028065034	0.062663068
0.00290924	0.884288528	0.826832272	0.560099617	0.044907026	0.044284816	0.074153311
0.0026008	0.888898437	0.879685732	0.532977414	0.039035836	0.037676935	0.075483438
0.00261307	0.913741675	0.899433214	0.6318526	0.043862131	0.034786805	0.077383199
0.00311309	0.649880437	0.594764136	0.347724353	0.081398578	0.071316319	0.092198494
0.00274303	0.86584554	0.838878409	0.511290148	0.039269134	0.033036222	0.065017325
0.00362225	0.827147927	0.739057621	0.39020253	0.058692322	0.059700705	0.075431734
0.00310049	0.880798585	0.851790895	0.44184823	0.055321289	0.049329296	0.073230223
0.00326655	0.836329994	0.760625037	0.461728608	0.064881474	0.063164867	0.079826479
0.00357326	0.916529385	0.892241471	0.595261599	0.037154368	0.032556309	0.06616034
0.00398695	0.875023565	0.882634318	0.666907039	0.040700044	0.035396765	0.068544392
0.00287734	0.909969971	0.86650517	0.652285462	0.035633038	0.031263036	0.064392537
0.00310217	0.904078589	0.901056765	0.582782828	0.036175586	0.028669708	0.068869008
0.00295909	0.918868773	0.883647236	0.597218082	0.043053549	0.040508717	0.062871261
0.00383869	0.911155318	0.896647713	0.55458558	0.03945912	0.035268906	0.067374924
0.00284575	0.915613716	0.838820646	0.467242266	0.042390429	0.03791625	0.077948141
0.00355264	0.889437537	0.883761146	0.407983817	0.04044816	0.035899922	0.069055993
0.00363174	0.909749782	0.890786565	0.56706476	0.058237528	0.050552185	0.078431761
0.00317059	0.91221307	0.89996628	0.617786937	0.037667674	0.038546324	0.067633837
0.0029082	0.922940603	0.90990812	0.570337125	0.039054951	0.035640537	0.078277995
0.00449758	0.899909851	0.90181985	0.579141901	0.038573408	0.03302626	0.07733997
0.00356417	0.785014089	0.668870102	0.570671664	0.055071698	0.056854029	0.068663131
0.00298537	0.819205589	0.788119726	0.608362177	0.045515012	0.039820754	0.077535577
0.00278492	0.866116186	0.829974513	0.449490439	0.040120829	0.036222947	0.076221841
0.00344019	0.915404606	0.887550267	0.493000979	0.038049866	0.032160489	0.073525832
0.00461513	0.91690808	0.910911622	0.606929968	0.041118567	0.040359435	0.075321425
0.00385298	0.898172487	0.862844608	0.558781417	0.037973098	0.038134106	0.07062478
0.00346683	0.914394353	0.886627367	0.591452136	0.040962605	0.040502067	0.065756381
0.0033192	0.909217385	0.90543243	0.458950302	0.041268655	0.038384019	0.079210636
0.00326512	0.909449229	0.88096033	0.672924946	0.044242333	0.039033065	0.069099611
0.00336723	0.909505428	0.891153974	0.547593717	0.034646879	0.032600293	0.068300218
0.00332278	0.85846527	0.844247089	0.502008228	0.047436065	0.042749251	0.076904373
0.00356833	0.881095801	0.849107839	0.594377727	0.054674015	0.051878812	0.075865487
0.00326737	0.928523666	0.920308634	0.536185152	0.039971453	0.039094365	0.077833538
0.00326267	0.853532487	0.861352183	0.575391652	0.042350318	0.033588189	0.07487429
0.00426498	0.923782642	0.914400525	0.448419886	0.035823942	0.032866431	0.06927345
0.00294347	0.878688843	0.812354863	0.506790999	0.042378685	0.044637135	0.073447006
0.00369141	0.908621119	0.90007038	0.622775451	0.034539289	0.035349309	0.074504067
0.00315435	0.90878064	0.891407171	0.644079482	0.044661081	0.044117566	0.073334519
0.0039462	0.901546582	0.855589977	0.596611197	0.037382149	0.040522057	0.06831309
0.00460064	0.916034523	0.88327416	0.428172455	0.048936449	0.046002346	0.090093095
0.00379654	0.889692341	0.875133883	0.594704389	0.058864934	0.049190511	0.065837941
0.00264575	0.899522223	0.869926051	0.570473416	0.037082537	0.038788808	0.077539669
0.00391639	0.885899107	0.87999567	0.526690589	0.040504969	0.034370099	0.074638584
0.00320599	0.872256658	0.840655876	0.465180866	0.049574875	0.043834423	0.071725551
0.00355261	0.720248209	0.674019039	0.565811652	0.063038933	0.055002083	0.078011192
0.00313105	0.93264379	0.920713951	0.563400936	0.040839611	0.037528631	0.07271475
0.00309481	0.861415139	0.878393205	0.546935591	0.038272649	0.033877214	0.068344431
0.00238101	0.920582991	0.913132498	0.598716284	0.038182416	0.034753185	0.06951771
0.00297643	0.898743667	0.875360035	0.530793513	0.037630596	0.03484384	0.07173256
0.00369636	0.907574467	0.882336511	0.437131365	0.045312175	0.036595193	0.08358604
0.00370629	0.891400685	0.887767058	0.507371019	0.038344981	0.036519095	0.076557435
0.00403176	0.91142309	0.901682703	0.307789441	0.042692244	0.041170757	0.079368314
0.00340296	0.926415022	0.89884862	0.594158135	0.038183612	0.033543058	0.071889455
0.00289159	0.90988473	0.880383111	0.614183269	0.035020712	0.027443553	0.067136149
0.00346939	0.906251786	0.890300331	0.651458158	0.043297497	0.039296952	0.081318966
0.00256344	0.921469964	0.908802621	0.546156871	0.032416159	0.031385485	0.068164872
0.00365024	0.86799238	0.828675234	0.298621635	0.0556826	0.051671771	0.084787602
0.00300447	0.910270382	0.892360535	0.559672784	0.036275767	0.035845239	0.068519217
0.00315092	0.87553886	0.824329942	0.598354011	0.048337329	0.046607175	0.067275758
0.00510638	0.899556119	0.870152689	0.354225107	0.041185576	0.037831378	0.080565504
0.00459104	0.803754748	0.631695689	0.125687181	0.048093738	0.056460967	0.117023955
0.00419393	0.782988494	0.762970998	0.431689322	0.062087725	0.059004602	0.088525132
0.00306224	0.91063116	0.899705453	0.501449363	0.03893788	0.036029046	0.077702627
0.00376426	0.829863298	0.788288259	0.511433913	0.061768119	0.059000316	0.073263418
0.00265284	0.876796374	0.849905387	0.479323513	0.05320736	0.048375031	0.084788207
0.00483648	0.792612258	0.716878557	0.451259533	0.050823473	0.051391114	0.08667141
0.00344931	0.895772682	0.871097905	0.527646378	0.049553287	0.046232806	0.079326214
0.0041268	0.862320537	0.827797942	0.429121081	0.043712672	0.039257646	0.066627206
0.00354238	0.919065074	0.891620557	0.573386473	0.035743408	0.04006597	0.074831619
0.0028677	0.813885937	0.838523684	0.556738635	0.045614528	0.036782357	0.067803359
0.00308824	0.915514948	0.901035405	0.613690166	0.041678048	0.039449098	0.073128089
0.00372906	0.899523426	0.900174009	0.549013751	0.040937377	0.030862159	0.079343639
0.00291091	0.897491775	0.849767919	0.551824218	0.043079918	0.041995581	0.066868146
0.00359385	0.916505916	0.866586218	0.537420986	0.039936436	0.036685555	0.068267411
0.00323705	0.925424269	0.87823528	0.521142824	0.03805399	0.037394261	0.071048843
0.00340219	0.903479777	0.875808154	0.590393255	0.043183745	0.040066491	0.077057403
0.00282692	0.89927431	0.871862939	0.541233943	0.041302081	0.03969379	0.060884896
0.00329218	0.895035716	0.894831752	0.634800964	0.044377172	0.038546704	0.072439186
0.00454414	0.712996786	0.548100317	0.393063406	0.068523718	0.073322247	0.095016003
0.003103	0.904521584	0.905118168	0.587605194	0.038514723	0.035296533	0.074177285
0.00313812	0.906230462	0.885320319	0.593798096	0.04187185	0.03968685	0.077807989
0.00323893	0.92001641	0.893530751	0.468796911	0.060436827	0.051370266	0.085265799
0.00404935	0.900919948	0.877879737	0.510351771	0.040048795	0.037621523	0.06833489
0.0042842	0.835577627	0.776113951	0.307839006	0.038152112	0.039879839	0.086015228
0.00356683	0.898374695	0.892796015	0.521213974	0.044222144	0.039352386	0.068051111
0.00328264	0.912929808	0.910235461	0.621974256	0.037238513	0.032202725	0.072488089
0.0380248	-0.688562192	-0.406996499	-3.43060972	0.180520187	0.116720546	0.226313848
0.0491815	0.707500573	0.660886577	0.105984606	0.083691048	0.075195346	0.114215799
0.0385101	0.78895941	0.647047578	0.151331775	0.061096704	0.069205871	0.10703224
0.0332256	0.820056991	0.769378355	0.118607783	0.059058866	0.059886146	0.103995276
0.0299636	0.84005232	0.805588949	0.141734129	0.058934267	0.055984715	0.091823474
0.0252963	0.834071534	0.812665675	0.236637634	0.048703954	0.045825754	0.102042458
0.0240651	0.835117308	0.822035549	0.214910808	0.051119742	0.052385819	0.106213085
0.0209911	0.769590263	0.727646277	0.231885121	0.04309563	0.043358362	0.090779834
0.0218612	0.867809981	0.812674654	0.180518359	0.041469863	0.03874233	0.10032818
0.0185695	0.876683738	0.833786788	0.178903692	0.049140207	0.046111349	0.083132287
0.0176701	0.831147636	0.774928363	0.230076908	0.0485265	0.048822624	0.094277993
0.0149624	0.899794949	0.871513327	0.173110916	0.051010853	0.045483738	0.086179575
0.0145091	0.868193811	0.823594017	0.207421384	0.045120983	0.04634308	0.095762779
0.0129174	0.873531646	0.80612312	0.22541038	0.053535127	0.054927775	0.104467187
0.0122974	0.864252691	0.836085278	0.177851701	0.044817044	0.045580095	0.091319314
0.0118317	0.892015348	0.890353064	0.28856358	0.051111263	0.043185192	0.09644097
0.0110072	0.901906639	0.895995257	0.24689613	0.044603641	0.039931811	0.097538754
0.010695	0.857896841	0.825211677	0.163246234	0.043690414	0.036973907	0.100537501
0.00982707	0.869902811	0.840779584	0.177156378	0.049088773	0.037720678	0.10245562
0.0101028	0.86985494	0.847614811	0.149715577	0.047030131	0.045452839	0.096604808
0.00919654	0.893710605	0.887648158	0.27420384	0.045315177	0.045986236	0.088281706
0.00831591	0.879018715	0.877739696	0.179857696	0.042377593	0.036634911	0.106488901
0.00787059	0.886857626	0.879136219	0.232794231	0.05725811	0.046626808	0.092366455
0.00758401	0.892583688	0.907823222	0.197871951	0.0556462	0.048309602	0.103877187
0.00721273	0.864831859	0.867549995	0.22195144	0.056432043	0.049822155	0.09447595
0.00655128	0.862171029	0.870959821	0.248557779	0.049531507	0.042446832	0.094877643
0.00704211	0.893805862	0.840416256	0.291240981	0.046955097	0.049881454	0.10364934
0.00636658	0.904623201	0.869839173	0.14299665	0.052640998	0.041293206	0.098647987
0.0108987	0.707716423	0.670979907	0.168541032	0.075442773	0.068974467	0.097532104
0.00812334	0.795656572	0.711233006	0.067574299	0.058266075	0.057129927	0.101639982
0.00765449	0.798521897	0.734304252	0.153965311	0.047235487	0.043676436	0.095651637
0.00708435	0.876227086	0.886399262	0.347648003	0.047507232	0.042071801	0.088511313
0.00634046	0.863156483	0.830120771	0.135198603	0.047073911	0.044824927	0.096003039
0.0111177	0.727179847	0.63537402	0.190260459	0.061498452	0.059064868	0.096612569
0.00770923	0.821627236	0.784206781	0.261238682	0.054423975	0.046888424	0.093968825
0.00698029	0.847348581	0.817397257	0.245277946	0.057414557	0.053949934	0.094041001
0.00585471	0.847662213	0.821109967	0.167325537	0.056248842	0.051864567	0.098482549
0.00581528	0.866646196	0.80996932	0.11643261	0.051240083	0.044691029	0.097545677
0.00654941	0.836490568	0.780266004	0.11650874	0.050589244	0.051501084	0.09474542
0.00673286	0.4811693	0.424118247	0.208284429	0.090565075	0.080225743	0.103676453
0.00622203	0.901759422	0.887793283	0.194965728	0.046677533	0.03859058	0.080405281
0.00570288	0.87087269	0.832675224	0.129031038	0.043085365	0.043309226	0.090482213
0.00533934	0.881276306	0.87850646	-0.036320025	0.046692568	0.044219831	0.107540736
0.00500969	0.83757599	0.814480409	0.203060747	0.043623988	0.042394728	0.092765899
0.00651446	0.827151952	0.790294675	0.264974685	0.060507598	0.052589905	0.087044363
0.00446502	0.895227082	0.871467462	0.210277971	0.049349726	0.042770744	0.104022577
0.00516555	0.885749949	0.853609029	0.14237613	0.042614329	0.038362393	0.097966829
0.00377645	0.8978461	0.892742411	0.314429519	0.039812805	0.035885616	0.094435261
0.00465323	0.866803637	0.88372747	0.26829117	0.048419706	0.043018805	0.082061725
0.00513574	0.825408789	0.838577549	0.221769034	0.049878652	0.045294748	0.094169187
0.0506456	0.760021952	0.664336272	0.18810654	0.06590629	0.059430128	0.10204322
0.0394746	0.855028228	0.785639015	0.247997389	0.059715451	0.060791625	0.096949796
0.0322989	0.835385837	0.827182372	0.24533555	0.055119334	0.048443803	0.101257128
0.0271963	0.848905459	0.805299109	0.131392065	0.052564145	0.047325353	0.100664968
0.0245907	0.88179	0.863831415	0.213051041	0.04556869	0.048371274	0.107311752
0.0220438	0.837900457	0.782404122	0.241218191	0.059915813	0.052504881	0.109048461
0.021376	0.757982011	0.746994141	0.198468771	0.052964315	0.047305981	0.092170844
0.0168136	0.681179825	0.55664965	0.061782462	0.066587435	0.062472273	0.101614363
0.0159122	0.886123568	0.846142471	0.137280601	0.044328296	0.038791085	0.092405143
0.0134963	0.806366616	0.708534716	0.136242678	0.055977604	0.051069933	0.09210608
0.0127506	0.862179775	0.841224558	0.303822712	0.052397651	0.045241886	0.093510305
0.0124901	0.895677772	0.851528404	0.151160204	0.04383515	0.040717539	0.099352938
0.0117062	0.743087569	0.656765067	0.075646577	0.06460045	0.062768163	0.101610604
0.0104151	0.799520378	0.761194422	0.281498989	0.052200641	0.051575728	0.096321411
0.0097815	0.909472168	0.879155717	0.230065306	0.044913974	0.040353554	0.097872289
0.00957863	0.837745356	0.750475752	0.147357381	0.052260956	0.051166691	0.102784834
0.00907335	0.899116872	0.864841571	0.280084065	0.041129071	0.036229995	0.097580399
0.00912993	0.888136316	0.869870248	0.24509453	0.046927004	0.039277879	0.08597813
0.00807057	0.8702678	0.834944732	0.183744108	0.044748775	0.040369574	0.093749593
0.00829533	0.880975008	0.853120327	0.193767679	0.047624277	0.044495943	0.106151458
0.00714982	0.879566455	0.872304924	0.211821228	0.046876487	0.040549472	0.090942527
0.00749552	0.760531595	0.700084009	0.207767041	0.0769462	0.07387761	0.097597509
0.00754284	0.881308634	0.879523691	0.230324956	0.045302782	0.040197509	0.098800604
0.00656047	0.862805114	0.851493268	0.218999003	0.050993821	0.047881413	0.089548682
0.00699009	0.739205394	0.65310907	0.072361617	0.059272255	0.051288111	0.103965562
0.00610478	0.883170657	0.835948095	0.289512719	0.040954579	0.04356395	0.095688964
0.00732697	0.802598791	0.807128617	0.300189216	0.038927191	0.035820531	0.080553778
0.00621742	0.847560423	0.841067296	0.276695193	0.051572461	0.041573116	0.096844812
0.00568307	0.898877801	0.885416646	0.179069982	0.045355624	0.041473504	0.100467948
0.0052644	0.870821123	0.863727695	0.10790928	0.049647673	0.041586656	0.092953023
0.00517904	0.880984628	0.827381271	0.114706357	0.040078969	0.037447447	0.08710742
0.00516051	0.844400763	0.842026955	0.123044175	0.068725112	0.058454773	0.09809138
0.00508623	0.909137917	0.911036721	0.253328019	0.044616401	0.037734197	0.085502897
0.00457176	0.914709636	0.916258684	0.198155142	0.043033971	0.038207111	0.105878555
0.00526239	0.925288774	0.928542075	0.281119434	0.049977633	0.045383071	0.080297754
0.00606906	0.806746451	0.760328738	0.213703473	0.042211439	0.040078508	0.08892974
0.00427967	0.906556993	0.888962739	0.102988918	0.041664509	0.039108694	0.104446757
0.00578923	0.902532827	0.863235449	0.23542661	0.042269005	0.041227711	0.094488469
0.00535471	0.89418547	0.906271137	0.325301013	0.043541723	0.034931268	0.089527192
0.00577397	0.868769716	0.88870424	0.323231218	0.045745229	0.035339428	0.08955636
0.00651754	0.848341615	0.830395205	0.187987539	0.04996989	0.043771121	0.098611683
0.00439853	0.908356148	0.908255039	0.315588792	0.044275116	0.039017504	0.098497569
0.00415628	0.830868633	0.846002519	0.302967793	0.048246025	0.041424956	0.098644231
0.00550474	0.889662031	0.882761191	0.118316729	0.0436103	0.034281814	0.09780283
0.00363304	0.906758815	0.910373009	0.294120548	0.048798299	0.043265882	0.092950966
0.00462004	0.916571297	0.899073409	0.279167345	0.05507508	0.053937867	0.104105954
0.00402102	0.852235464	0.847846357	0.302784094	0.050370219	0.04523084	0.102832903
0.00547066	0.612389624	0.581592279	-0.077472545	0.068191343	0.059353589	0.100981666
0.00490676	0.882891131	0.82992257	0.230624873	0.046920464	0.045750845	0.101731734
0.00479841	0.881349459	0.864545684	0.381758486	0.043743135	0.035935158	0.089933954
0.00437249	0.868240028	0.870393955	0.26309775	0.043746767	0.032850108	0.0831816
0.00365141	0.914345655	0.912720595	0.297356484	0.038939105	0.033218074	0.087819401
0.00431833	0.895251009	0.911258328	0.26431134	0.040022234	0.034541507	0.086942504
0.00499949	0.882557613	0.863280577	0.175320913	0.040620474	0.041352431	0.099516424
0.00607297	0.850829724	0.849346389	0.25022818	0.047337474	0.037625812	0.095558033
0.00306239	0.869830887	0.890276302	0.246303506	0.04614952	0.035951155	0.097885863
0.00469139	0.838838549	0.769084566	0.266514999	0.046921739	0.046280043	0.09823653
0.0215983	0.727143595	0.606032553	0.055746917	0.071468323	0.067425046	0.095537386
0.00874713	0.832856964	0.830484508	0.054333907	0.068752744	0.061102476	0.09724924
0.00586962	0.866528214	0.810155803	0.216670667	0.0487199	0.042959552	0.094692033
0.00586117	0.857179456	0.83323242	0.254853383	0.048407496	0.048696648	0.102769089
0.00437663	0.890065674	0.849209571	0.319355219	0.039612509	0.043780557	0.098983336
0.00484946	0.863544593	0.832600427	0.244538531	0.065884782	0.060224339	0.107714712
0.00623082	0.849057544	0.819695181	0.271013031	0.046368358	0.040567227	0.095728926
0.00524504	0.852223576	0.811437739	0.275521167	0.052928962	0.045096557	0.096050653
0.00469118	0.895526177	0.874506983	0.16049456	0.045965949	0.042143544	0.089599138
0.00490787	0.873743299	0.846918511	0.087131187	0.040893407	0.031926503	0.077983602
0.00401408	0.725536763	0.666417251	0.196150816	0.047936676	0.04069904	0.086879013
0.00426357	0.828299207	0.804686833	0.228988307	0.043863708	0.033275282	0.096498917
0.00563598	0.888356838	0.853183621	0.331818127	0.041156603	0.041083097	0.09880232
0.00594255	0.789780706	0.815793984	0.222558553	0.053610235	0.044751083	0.097201828
0.00478975	0.855221353	0.835691749	0.159519098	0.047679124	0.043531453	0.091801496
0.00422944	0.875610749	0.844531164	0.269739246	0.046573	0.043310011	0.085408086
0.00449421	0.848853524	0.885344052	0.385866034	0.058409899	0.046546264	0.096455476
0.00405252	0.864106225	0.852929797	0.266147127	0.041571343	0.035411995	0.095248739
0.0034731	0.898089089	0.888908252	0.149354875	0.044990817	0.038180491	0.102827826
0.00445683	0.84627425	0.876899576	0.277576204	0.046134861	0.034815942	0.091198218
0.00461238	0.862334786	0.857585393	0.14921544	0.04453715	0.035110663	0.107053994
0.00463668	0.831742374	0.814512957	0.202729465	0.046427171	0.043083056	0.094172246
0.00623103	0.825151499	0.776837759	0.241216105	0.047556308	0.050931796	0.092278668
0.00400586	0.909093325	0.89273912	0.198938582	0.043077305	0.037076	0.086980485
0.0037227	0.886398204	0.877859761	0.24169971	0.040040883	0.031857342	0.091018429
0.00463115	0.824359803	0.856233777	0.318477036	0.051882567	0.036059151	0.099047309
0.00500817	0.908120074	0.871409951	0.246619002	0.043052997	0.0399407	0.093208723
0.00476384	0.901973148	0.907256071	0.124171961	0.044271554	0.03821686	0.100411122
0.0084076	0.740588496	0.677814526	0.148003037	0.083853977	0.076893739	0.125773344
0.00812149	0.877333578	0.869073142	0.32374291	0.048977383	0.041207165	0.093690788
0.00524922	0.839338802	0.802111026	0.056280262	0.040934776	0.039488844	0.102826144
0.00461288	0.861819773	0.819506371	0.151768948	0.050556841	0.046229508	0.095082726
0.00627203	0.875802132	0.870075445	0.23214308	0.043043764	0.034027371	0.085505515
0.00410789	0.881644048	0.894120426	0.274033901	0.041992489	0.03686554	0.105187084
0.00415526	0.916944927	0.914211262	0.354491818	0.037748479	0.032064187	0.085101905
0.00461941	0.840293687	0.842200842	0.202029069	0.045360269	0.037210488	0.090983605
0.00418549	0.88388815	0.836068423	0.284300012	0.040036197	0.041710307	0.095411082
0.00376431	0.878799771	0.856376266	0.277584267	0.049185338	0.047131834	0.088337958
0.00453651	0.896759357	0.908952532	0.290460117	0.049228558	0.036903136	0.09567805
0.00389191	0.866726323	0.871341222	0.267953086	0.047730437	0.038133264	0.094209283
0.0047149	0.872367012	0.88943014	0.327717821	0.048548563	0.040887313	0.095953815
0.00453506	0.858320833	0.825851757	0.341191381	0.045925494	0.039630506	0.087002994
0.00360324	0.909564121	0.913113912	0.273619328	0.043979596	0.038057646	0.101337452
0.00406461	0.837169793	0.813437382	0.23271949	0.0402533	0.03420173	0.10085606
0.00442682	0.785073733	0.804345765	0.154138416	0.057508588	0.048851053	0.102610096
0.00408994	0.847729833	0.834574204	0.269181061	0.054839887	0.051822958	0.097584184
0.00568133	0.862617423	0.852055884	0.229261915	0.047033032	0.039754547	0.095801018
0.00615785	0.772034065	0.760635814	0.187735417	0.062001432	0.051852956	0.084809388
0.00482388	0.817209275	0.857782941	0.237456647	0.049065137	0.040047023	0.084141491
0.00514017	0.888818633	0.88415712	0.17035341	0.049130259	0.037669114	0.093777357
0.0036296	0.895032299	0.884956867	0.241279646	0.048704499	0.039746804	0.095146937
0.00422168	0.929305679	0.907098649	0.262409525	0.039173362	0.033979828	0.08761828
0.00404956	0.91101242	0.879226835	0.252120026	0.046414509	0.037757434	0.101985932
0.00526804	0.864500217	0.838729836	0.246003837	0.075841567	0.063702641	0.087902875
0.00451411	0.892517805	0.889558045	0.238145147	0.043645942	0.035631794	0.089671221
0.00539903	0.912607671	0.919597789	0.332264978	0.042191281	0.032419454	0.094020831
0.00527204	0.874032458	0.850907614	0.140864666	0.043183416	0.039117847	0.090208494
0.00521958	0.8468818	0.841015808	0.33980802	0.045920038	0.037290268	0.092722598
0.00363758	0.840244508	0.822011803	-0.102717055	0.056646692	0.052002865	0.096042165
0.00408964	0.875687044	0.85061693	0.284659825	0.042268492	0.040162268	0.087660831
0.0037908	0.921327716	0.926269991	0.279624913	0.043566497	0.036334787	0.099143029
0.00400116	0.863723031	0.858526985	0.25702581	0.041170434	0.035019688	0.094164439
0.00389834	0.878035667	0.852484114	0.166123585	0.042572829	0.035377585	0.084543227
0.00440862	0.885990325	0.889042935	0.34052613	0.044217008	0.038385788	0.099685013
0.0040444	0.765659644	0.748175849	0.201090331	0.043062078	0.036279194	0.087074766
0.0045067	0.772712932	0.78812053	0.238499405	0.045574449	0.034477189	0.091581026
0.00389055	0.81993762	0.798495189	0.174417481	0.049395853	0.04485931	0.101801282
0.00455802	0.902035991	0.901043818	0.157888042	0.037636096	0.03042986	0.104017942
0.00393413	0.902177887	0.92022898	0.194745809	0.041329707	0.036183462	0.089599115
0.00416754	0.907525275	0.856831933	0.294830036	0.044180786	0.041962388	0.096888679
0.00466314	0.873472939	0.887126822	0.194983119	0.045101074	0.036192496	0.089844404
0.00436218	0.867471583	0.850686685	0.157053047	0.054643069	0.04335873	0.099479264
0.00431194	0.866079906	0.856444826	0.210046664	0.039764399	0.030074644	0.091587572
0.004839	0.904691638	0.904385145	0.118318754	0.036734406	0.031248339	0.1004318
0.0043814	0.927481828	0.927493831	0.392083945	0.04034769	0.033569655	0.081072786
0.0042805	0.887180242	0.87443415	0.174817288	0.043233296	0.035403585	0.098805919
0.00599471	0.832549781	0.790161635	0.245861418	0.059906298	0.05666273	0.093640477
0.00458196	0.816430846	0.794111337	0.341388972	0.054490168	0.049261862	0.089580017
0.00465624	0.851572024	0.849320361	0.156897477	0.047105381	0.03941553	0.08595256
0.00457679	0.877434664	0.886153961	0.270374686	0.04419775	0.037066283	0.092510693
0.00466292	0.862805755	0.826235251	0.101247408	0.05089053	0.046665315	0.105660722
0.00409264	0.860732028	0.808455567	0.253677673	0.044967503	0.042901251	0.090599278
0.00476458	0.860829739	0.834392669	0.238158614	0.040455685	0.038729832	0.096395162
0.00415823	0.87907995	0.90543852	0.210573646	0.042006453	0.03742055	0.092301882
0.00357655	0.89233803	0.883429944	0.174705962	0.036693718	0.032845704	0.096197224
0.00512363	0.913014819	0.912283485	0.221532292	0.046147378	0.035730575	0.090627224
0.00467527	0.905898676	0.906627472	0.307949646	0.050868657	0.041811607	0.095296588
0.00391649	0.899528482	0.895282571	0.294140487	0.050620325	0.044537442	0.093523103
0.00423416	0.900433662	0.860809153	0.248577428	0.045672815	0.036989748	0.092103714
0.00455202	0.848075212	0.86387527	0.226661156	0.04995085	0.04480327	0.09055978
0.00537881	0.824475769	0.842292949	0.174552887	0.052971523	0.043139821	0.100241821
0.00455028	0.849524842	0.877376594	0.305591282	0.046119184	0.037169827	0.096698198
0.00438683	0.881678147	0.886423462	0.358607189	0.040404434	0.034432961	0.105177713
0.00530209	0.860572485	0.826258769	0.236948549	0.058676844	0.053916376	0.094176957
0.00446234	0.894106417	0.86720907	0.283658266	0.043714375	0.040563848	0.088859317
0.00429296	0.814990957	0.773089771	0.235856822	0.054193927	0.048137911	0.090283966
0.00403866	0.902415802	0.913683465	0.264408181	0.042147469	0.033909729	0.094370308
0.00498637	0.884685043	0.880933723	0.231078424	0.044336143	0.038218118	0.095469926
0.00484385	0.90393095	0.887809341	0.145116882	0.050112562	0.043912677	0.094412078
0.0043673	0.879173381	0.858179317	0.287113668	0.04876093	0.045884442	0.092214843
0.004427	0.887965635	0.907647691	0.289617735	0.044084784	0.040507798	0.085842269
0.00467052	0.90207825	0.892043782	0.293276166	0.035501635	0.032178663	0.082460262
0.00504501	0.90522998	0.913079621	0.263167296	0.049359105	0.044795261	0.095371787
0.00486319	0.839031445	0.837424352	0.189859759	0.041786932	0.038015309	0.09507711
0.00508713	0.882161393	0.855454482	0.189111757	0.046358219	0.040452057	0.098067891
0.00382626	0.91371616	0.90832611	0.269070745	0.042140021	0.036589284	0.099969942
0.00358568	0.915506168	0.915315529	0.148412116	0.042471159	0.041172973	0.103104517
0.00400469	0.865023291	0.882811967	0.17977827	0.045917764	0.039697188	0.095457748
0.00592517	0.801336843	0.770684392	0.139966968	0.053478266	0.048806282	0.093604543
0.00449671	0.901178359	0.874776091	0.285041062	0.045295398	0.037114417	0.095061823
0.00447995	0.872279951	0.811460281	0.113147263	0.039304182	0.033387151	0.102042561
0.00390183	0.902418086	0.904766665	0.27409135	0.0409238	0.035745344	0.103361893
0.00490513	0.884258923	0.894737718	0.281989211	0.040691533	0.030022813	0.085963958
0.00503812	0.890562272	0.89288126	0.259601316	0.036006882	0.033121744	0.084313873
0.00467308	0.8284902	0.804112327	0.217987426	0.064510497	0.056823012	0.107005492
0.00376711	0.867458133	0.881452727	0.226937658	0.047640011	0.039761213	0.089494363
0.00423909	0.856085182	0.813961414	0.370707994	0.051551418	0.045199996	0.103033386
0.00380302	0.888738355	0.90951058	0.319066393	0.041897569	0.033578225	0.10215287
0.00485613	0.82929566	0.807592494	0.322335787	0.048988866	0.04308328	0.086409797
0.00447321	0.806800754	0.723470909	0.241333315	0.073588572	0.06593781	0.103833554
0.00432233	0.854430516	0.881687397	0.112160384	0.04256164	0.038108545	0.101017997
0.00405223	0.860321982	0.84858112	0.284331736	0.043265596	0.035655617	0.086251058
0.00781351	0.802060267	0.829030878	0.242848737	0.056036716	0.0441293	0.096508298
0.00495369	0.877089745	0.880286251	0.178911335	0.041653786	0.03507278	0.085956387
0.00403509	0.905506694	0.883534668	0.313649059	0.042858036	0.038897778	0.095818985
0.00478364	0.881311381	0.855237777	0.319329622	0.044550213	0.040323978	0.090958829
0.00418027	0.853908122	0.840198175	0.208126621	0.063428832	0.057048878	0.107837709
0.00434226	0.866142684	0.861662301	0.210352699	0.042320496	0.035214042	0.095356199
0.00602193	0.631845511	0.433535991	-0.024635061	0.082592979	0.078672079	0.106560721
0.00478131	0.624049788	0.487741894	-0.141242878	0.055495653	0.049448787	0.094405673
0.00400514	0.825431224	0.769774754	0.167879658	0.050445229	0.045434465	0.093976418
0.00353325	0.910617956	0.919159319	0.25974949	0.040503657	0.035686734	0.084129053
0.00401541	0.918932601	0.922288451	0.271387508	0.046599712	0.034958094	0.090373917
0.00479558	0.895000806	0.910257024	0.237888458	0.040674794	0.037616307	0.091255493
0.00516881	0.852487889	0.8310884	0.087586222	0.055002727	0.047883317	0.09614828
0.00391666	0.909124153	0.879961855	0.200817479	0.041214515	0.038497026	0.099527838
0.00462059	0.833141581	0.757776373	0.252390394	0.037014841	0.033773965	0.100051102
0.00349667	0.934137034	0.927326475	0.308445268	0.037419265	0.033548112	0.094129003
0.00452698	0.912011435	0.923301325	0.279729948	0.043223591	0.041147509	0.092389576
0.00408076	0.614627119	0.415984688	0.098259992	0.068259535	0.068389748	0.100440024
0.00451094	0.84110218	0.819097775	0.192947361	0.047075153	0.038802583	0.104415703
0.00419293	0.906763168	0.917403364	0.141478709	0.043434423	0.037472299	0.100201871
0.00395845	0.895088111	0.899872006	0.16550271	0.038145551	0.034629636	0.085740784
0.00412451	0.890734065	0.875015446	0.258679384	0.03830349	0.034172796	0.093407459
0.00458493	0.866149132	0.87646038	0.327747423	0.043866025	0.036001903	0.084851422
0.00426267	0.872689996	0.881019927	0.211118472	0.055244707	0.047665923	0.102164814
0.00420889	0.827570779	0.83612585	0.278026709	0.064594393	0.04664379	0.095088544
0.00545943	0.857474482	0.844656621	0.258642249	0.066170414	0.058735949	0.103236006
0.00377118	0.878698033	0.875439304	0.287704748	0.05572418	0.057353863	0.105592229
0.00454189	0.907942755	0.902098296	0.25066278	0.043015755	0.041393822	0.089048241
0.00504447	0.921993455	0.877510844	0.149934619	0.037989641	0.035762625	0.093616847
0.00556264	0.853483687	0.845009439	0.179997351	0.055012186	0.047494079	0.097099966
0.00429588	0.862850185	0.832251946	0.210547203	0.040713783	0.033906718	0.09738123
0.00382265	0.875072523	0.85093355	0.273215132	0.043958947	0.037835979	0.100288526
0.00464468	0.911572454	0.920616066	0.294311572	0.040548822	0.033495837	0.094776571
0.00422106	0.802083836	0.773032068	0.189702279	0.056006101	0.042525875	0.090428125
0.00380994	0.907002901	0.908942142	0.273331816	0.04003446	0.036329265	0.092734767
0.00486848	0.913542926	0.900424382	0.306100604	0.037043179	0.032151479	0.097965832
0.00502079	0.878286711	0.881783496	0.178832202	0.0464503	0.039901971	0.099978244
0.00402318	0.894700324	0.890939033	0.297975121	0.044296064	0.040905069	0.102440798
0.00401097	0.903750289	0.911874233	0.282719533	0.042669269	0.039050171	0.090546744
0.0039878	0.860789364	0.846292326	0.243980577	0.045924753	0.043243853	0.083219583
0.00350784	0.882440709	0.870992287	0.171386159	0.048094226	0.039506322	0.099146539
0.00469929	0.892471898	0.883933077	0.333106738	0.04868001	0.037084184	0.081115678
0.00458732	0.857300497	0.831975565	0.085536288	0.0452987	0.043230573	0.10310646
0.00440314	0.895515843	0.906370365	0.311257037	0.043465985	0.032019994	0.091523083
0.00395981	0.895862508	0.884263417	0.26793768	0.045083475	0.03718852	0.101475619
0.00385513	0.930907541	0.919836005	0.200530246	0.042085586	0.036061776	0.099382844
0.0038326	0.895418976	0.862442457	0.216635856	0.047827907	0.047278767	0.098576497
0.00431667	0.870264249	0.887837745	0.230432474	0.046257315	0.040495425	0.097152865
0.00330342	0.899127189	0.922653909	0.276630373	0.048044971	0.035333568	0.085897573
0.00425817	0.893467313	0.874282511	0.216543947	0.048147278	0.037456854	0.095040507
0.00441188	0.904868117	0.89157277	0.295263967	0.035597704	0.03457516	0.095277129
0.00581383	0.890710047	0.912819754	0.401646782	0.059023999	0.049079611	0.089399411
0.00508122	0.838956788	0.834105202	0.305292335	0.046643882	0.038296968	0.084709131
0.0046745	0.879776618	0.876900904	0.357047446	0.042800362	0.03404504	0.098588412
0.00463949	0.913210712	0.909208313	0.307937883	0.04150239	0.035777972	0.093283362
0.00532504	0.884860391	0.888803939	0.192663312	0.042734658	0.038344601	0.095932834
0.0051974	0.855331456	0.856557507	0.3249792	0.048823819	0.039156912	0.087046147
0.00518906	0.890849807	0.880738834	0.271128583	0.0485938	0.043360248	0.09426673
0.00402819	0.907794447	0.913258864	0.313623455	0.034583138	0.029927349	0.082479861
0.00547289	0.811594904	0.827475265	0.290270459	0.058165527	0.045102403	0.096441225
0.00422238	0.807251163	0.785246052	0.075045602	0.041884608	0.035823247	0.085558793
0.00426994	0.849574641	0.857561248	0.212712365	0.04917594	0.041609146	0.091059359
0.00335406	0.897379863	0.866008815	0.214920301	0.04491827	0.037435992	0.091408262
0.00641619	0.830170779	0.825712575	0.20391993	0.043259431	0.032741481	0.090174857
0.00411107	0.913065878	0.912672366	0.384535967	0.047899154	0.042730183	0.102526236
0.00435212	0.860166108	0.834909161	0.286563529	0.04502507	0.042483169	0.090112547
0.00406186	0.840131367	0.794217072	0.236301568	0.039623627	0.038553393	0.089630877
0.00445185	0.931381255	0.904327904	0.254393205	0.050191987	0.041585465	0.104271803
0.00386157	0.87698888	0.891114579	0.206855457	0.046267213	0.037447134	0.10083067
0.00454624	0.893844437	0.875867021	0.218167785	0.04473928	0.037907266	0.087929122
0.00356494	0.810864048	0.848759221	0.190867427	0.053070411	0.040869106	0.097473933
0.00445134	0.904872116	0.907770986	0.244239632	0.042022928	0.034654339	0.097950377
0.0104227	0.729618911	0.67285445	0.132562595	0.083248511	0.073137412	0.105724154
0.00498984	0.880295471	0.847647363	0.343306805	0.043435848	0.041625595	0.099324446
0.035538	0.670490961	0.576580804	0.078025887	0.062369735	0.064477217	0.105451289
0.0224122	0.832689133	0.76258928	0.273389833	0.045126262	0.044386951	0.088268517
0.0171579	0.840723797	0.74157152	0.121060474	0.054442399	0.060110862	0.098662898
0.0125042	0.808973063	0.784210282	0.218581676	0.045105557	0.043802101	0.103551462
0.0111082	0.871297685	0.87111604	0.083546318	0.051090261	0.045450723	0.102890494
0.00884558	0.89229546	0.862064376	0.157191023	0.048151288	0.048788069	0.104862819
0.00814289	0.8784275	0.838771582	0.258058457	0.045399866	0.039581967	0.09166167
0.00721551	0.808399419	0.728205383	0.109624314	0.044513011	0.042484023	0.099166361
0.00695198	0.840050488	0.749316862	0.207179772	0.052810512	0.053881984	0.091013015
0.0065207	0.852274578	0.807464448	0.141562967	0.045313493	0.038417298	0.098707202
0.00616329	0.88945652	0.860569563	0.159062433	0.044334954	0.03915046	0.09128161
0.00533542	0.818652996	0.797645377	0.13966841	0.058106774	0.05735406	0.099760825
0.00551345	0.891163891	0.851902929	0.240425834	0.046512281	0.048552878	0.105411397
0.00539496	0.90403061	0.866694633	0.254108489	0.050885777	0.053975704	0.095049133
0.00499989	0.904085468	0.87326681	0.283948254	0.044562867	0.037917223	0.093346503
0.00493162	0.826835741	0.849266294	0.196992779	0.046615256	0.037868964	0.101660632
0.00679703	0.856769519	0.801270942	0.109702539	0.041472014	0.040143229	0.08501857
0.00489593	0.875233742	0.800689262	0.205577222	0.055153059	0.051983497	0.095670412
0.00444457	0.912375906	0.868986418	0.226551849	0.043575696	0.040277209	0.097796438
0.00435991	0.91300194	0.882870933	0.266694515	0.042669855	0.037691853	0.091094988
0.00560758	0.91276297	0.885146476	0.323516971	0.044425135	0.042416617	0.096987418
0.00602807	0.845783783	0.822625237	0.226157053	0.056239058	0.049445295	0.088196769
0.00431007	0.910543849	0.895059532	0.237567992	0.041407486	0.036745858	0.088631123
0.00390477	0.888077893	0.833959556	0.292051128	0.047245418	0.042010458	0.091366589
0.00505263	0.874247599	0.864088792	0.16765838	0.045269082	0.038759854	0.096757736
0.00422668	0.859107539	0.872063618	0.278137431	0.051207301	0.04107236	0.091610992
0.0040907	0.887500101	0.864324423	0.132649024	0.047064226	0.047035986	0.097500363
0.00377023	0.893696236	0.889938943	0.294415993	0.040733306	0.034938947	0.085393974
0.00410671	0.898652446	0.85381777	0.272408068	0.042942371	0.052765762	0.095634604
0.00420052	0.902887051	0.888893521	0.273439742	0.039583258	0.041048268	0.09685838
0.00557615	0.879416204	0.879183637	0.282420867	0.041335605	0.035821842	0.090896882
0.0035414	0.897956424	0.871799165	0.14871406	0.040165154	0.031652059	0.09270703
0.00410926	0.90787982	0.905658723	0.31300933	0.039706562	0.029608162	0.091988611
0.00464429	0.849197555	0.798380452	0.267449699	0.046187029	0.041525032	0.088546293
0.00482917	0.858951225	0.784813097	0.1596865	0.050055097	0.04860525	0.105988751
0.00456235	0.872461075	0.863437016	0.24448822	0.051533634	0.04989624	0.097959512
0.00463667	0.928370766	0.885584578	0.314468303	0.041099301	0.042603017	0.091346401
0.00368113	0.895893144	0.899185112	0.266585759	0.041518262	0.037008104	0.099824826
0.0047193	0.907155675	0.924919085	0.278428426	0.04130079	0.032704906	0.095918
0.00467882	0.855418841	0.853836145	0.233755608	0.053382437	0.043351671	0.095157233
0.00539191	0.89655154	0.882659745	0.234411652	0.044567669	0.03514014	0.090973115
0.00452167	0.826140128	0.828024622	0.160162757	0.04984515	0.042188085	0.09561483
0.00375146	0.851913892	0.805611897	0.219686721	0.042748486	0.04014848	0.097677947
0.00357338	0.887197188	0.884968945	0.230545002	0.04634793	0.042490095	0.094919126
0.00529058	0.870718398	0.888871151	0.26955221	0.047492531	0.036760997	0.088288614
0.00518224	0.888883279	0.900608672	0.233641509	0.054252871	0.046048156	0.093821369
0.00478799	0.900430825	0.882834689	0.239233959	0.039339328	0.037768005	0.095229582
0.00604697	0.915115941	0.908350578	0.234514449	0.040785539	0.032516748	0.089578124
0.0051819	0.887411911	0.875066022	0.140634952	0.045008284	0.038044704	0.097573493
0.00381431	0.904359064	0.863189897	0.230873744	0.03882621	0.0370665	0.081840934
0.00494746	0.898145957	0.856289235	0.259844106	0.054032194	0.047414644	0.090548866
0.00416246	0.900349478	0.897864518	0.325046944	0.04558606	0.03878137	0.096852085
0.00367702	0.815987891	0.838737139	0.156691856	0.052627921	0.041965423	0.103240716
0.00468991	0.877147144	0.865575356	0.205241876	0.040430918	0.034376321	0.097336929
0.00459227	0.897868592	0.89001381	0.308016976	0.04302037	0.0398258	0.092028042
0.00409616	0.853539555	0.875905265	0.281511001	0.046674911	0.034478979	0.090040996
0.00388466	0.922022996	0.873619533	0.256529992	0.037911899	0.035266541	0.086295944
0.00441264	0.891838874	0.891315527	0.238734148	0.039422656	0.030211196	0.08763738
0.00382154	0.890908246	0.910602282	0.306760171	0.048304675	0.043347467	0.09060138
0.00492261	0.869575662	0.872099146	0.224811763	0.04986219	0.042535258	0.092387909
0.00550803	0.918732492	0.898727148	0.173276742	0.045215621	0.03956905	0.089491255
0.00479165	0.895358905	0.914261265	0.218890002	0.046735752	0.036004731	0.094357288
0.00391388	0.892481558	0.903633365	0.317085934	0.044160821	0.032833152	0.099058522
0.00563175	0.886514787	0.85523018	0.280290797	0.054553359	0.047405322	0.096233061
0.00396176	0.781972961	0.713622766	0.244546631	0.051435837	0.049435272	0.095631773
0.00370627	0.75556933	0.71630901	0.178251535	0.058802132	0.056035488	0.08478366
0.0040021	0.890065662	0.888109682	0.268232907	0.044445913	0.038202038	0.097179291
0.0491669	-0.007413075	-0.005449499	-0.007841884	0.133298986	0.113799884	0.105588547
0.0437568	-0.000362887	-0.00430378	-0.023205503	0.115443993	0.092450188	0.103707655
0.0427926	-0.000357717	-0.004252139	-0.006681769	0.118424753	0.095309482	0.112854787
0.0424322	-0.011301718	-0.004347106	-0.000188887	0.129139528	0.10715649	0.107781728
0.041885	-0.000330914	-1.22E-07	-0.047150638	0.133322257	0.107941245	0.10671555
0.041618	-0.039876673	-0.020730593	-1.03E-05	0.138351181	0.118150205	0.116076074
0.0357972	-0.028295877	-0.001019665	-0.000148607	0.143546744	0.122384727	0.114132577
0.0346717	-0.000922689	-0.001967746	-0.004195134	0.147492293	0.125797098	0.111233825
0.0343102	-0.014727008	-0.040152648	-0.026517492	0.119567226	0.097550773	0.105506179
0.0343103	-0.016992472	-0.030802384	-0.027881757	0.134043635	0.110615983	0.108624086
0.0316333	-0.026079832	-0.030445674	-0.000113259	0.121234914	0.101083551	0.096391873
0.0300092	-0.001422433	-0.00549309	-0.000822903	0.124647652	0.103047019	0.107675979
0.0320671	-0.060390421	-0.026306283	-0.000134783	0.137761691	0.114614213	0.112951679
0.0302026	-0.035630838	-0.02209494	-0.004953441	0.126176905	0.103118786	0.110460414
0.0279913	-0.007559994	-0.005499888	-0.006806158	0.131754412	0.110154402	0.106879253
0.0284219	-1.67E-05	-0.002288143	-0.004446366	0.141138867	0.118970052	0.106029139
0.0273751	-0.005088659	-0.029500535	-0.019761881	0.127626988	0.109217991	0.107978692
0.0278906	-0.000207628	-6.66E-06	-0.004620523	0.128964465	0.107927722	0.094813808
0.025671	-0.017496592	-0.010422325	-0.038913907	0.139279085	0.118912119	0.114381281
0.0262603	-0.137191733	-0.146394607	-0.13907677	0.126350037	0.104344347	0.101169919
0.0241476	-0.102338589	-0.076766352	-0.016867504	0.129360286	0.107397486	0.108237544
0.025172	-0.001155412	-0.002478072	-0.004253203	0.140390058	0.120757422	0.119540754
0.0228339	-0.083712475	-0.060845186	-0.036852945	0.123053991	0.098257277	0.099231438
0.023234	-0.001905619	-0.000980241	-0.000763665	0.132093371	0.108660268	0.10222594
0.0224601	-0.006330646	-0.000265654	-0.005519704	0.131772887	0.111521745	0.108225923
0.0234462	-3.90E-05	-0.002974686	-0.012671051	0.124289334	0.102078324	0.108110113
0.0204414	-0.000169651	-0.001802402	-0.013845364	0.122852658	0.10188076	0.101312027
0.0213164	-0.118720403	-0.040228425	-0.011345988	0.140820656	0.114171873	0.104032685
0.0214224	-0.067190605	-0.027013579	-0.007469205	0.138704261	0.116318088	0.109808728
0.0211613	-0.000173559	-0.002344532	-0.000305966	0.140397813	0.116462294	0.111906685
0.0256559	-0.000185604	-0.013975082	-0.120266531	0.122931811	0.10361515	0.107030927
0.0193501	-0.000133094	-0.012964289	-6.12E-06	0.146877619	0.12412876	0.114395087
0.0201354	-0.022867405	-0.017603488	-1.64E-05	0.141932498	0.118365869	0.095718824
0.0203734	-0.014821076	-0.015970298	-0.004421413	0.120383792	0.102533898	0.109231101
0.0189152	-0.007454057	-0.000581449	-0.008955114	0.118140579	0.105260676	0.106112322
0.0183511	-0.002367599	-0.000994322	-0.004961891	0.129291847	0.107198503	0.105257926
0.0207213	-0.005293089	-0.025933037	-0.003259595	0.120427678	0.103000866	0.103168841
0.018351	-0.000266662	-0.002149104	-0.0017016	0.121054534	0.098600123	0.104630145
0.0194442	-0.017341963	-0.008309342	-0.042717323	0.135759109	0.113022764	0.105396384
0.0179677	-0.075638274	-0.015433765	-0.005826186	0.136692436	0.111651561	0.101654226
0.0161412	-0.005200299	-0.017267561	-0.000394534	0.151600122	0.129676514	0.104013568
0.0193953	-0.009370848	-0.002344488	-0.000865503	0.122285971	0.100861288	0.106096031
0.016362	-0.0262901	-0.020795512	-0.022850737	0.144766701	0.123859047	0.114419421
0.0157919	-0.021243744	-0.033517391	-0.034351138	0.122762523	0.106106686	0.109454793
0.0186462	-0.044267175	-0.091056714	-0.000320778	0.124441791	0.104444583	0.100027076
0.0159303	-3.79E-05	-0.00468668	-0.005053413	0.131162937	0.111429168	0.115919156
0.0162469	-0.001355375	-5.98E-08	-0.019488798	0.12942359	0.105802538	0.10462513
0.0169876	-0.055401226	-0.078920702	-0.031770283	0.125100703	0.106728365	0.119432053
0.0183882	-0.001286716	-0.022386254	-3.17E-05	0.117548989	0.100217802	0.108624416
0.0162907	-0.000566236	-0.000179609	-0.032493089	0.127743832	0.105136389	0.103951832
0.0164393	-0.013768489	-0.02698357	-0.032231806	0.144920622	0.122921096	0.107243302
0.0178436	-0.142052214	-0.137987117	-0.002034279	0.148327498	0.122279642	0.095475889
0.0162944	-0.006203525	-0.026512652	-0.07517181	0.146829968	0.124805868	0.104306744
0.0183504	-0.061228695	-0.087261289	-0.000346774	0.142556902	0.119813643	0.102215272
0.0150467	-0.058536289	-0.036099896	-0.002412805	0.13157914	0.108850267	0.108810696
0.0174547	-0.001403701	-0.006200407	-0.001651981	0.136263599	0.112516717	0.111619542
0.0173116	-0.019060327	-0.028382828	-0.020310183	0.135120384	0.112297375	0.111678899
0.0139338	-0.003404514	-0.006636897	-0.010985063	0.140349769	0.118690311	0.114192714
0.0143764	-0.003336355	-0.016451708	-0.004492715	0.134168161	0.112520571	0.114722982
0.0145015	-0.003710572	-0.077099686	-0.016989487	0.12331613	0.102994437	0.108508775
0.0126786	-0.019230251	-0.057936081	-0.005851279	0.138030918	0.113747811	0.105736836
0.0157593	-0.002796167	-0.006505164	-0.000549815	0.13315753	0.111252224	0.103723588
0.0155409	-0.023406387	-0.003884844	-0.01559561	0.136276714	0.112672635	0.106362972
0.0137809	-4.69E-07	-3.75E-05	-0.002652407	0.146843496	0.123695625	0.10533422
0.0168773	-0.004391115	-0.01067945	-0.007849323	0.128869559	0.1057143	0.109629383
0.0150312	-0.010609575	-5.07E-06	-0.000302666	0.132865582	0.112096831	0.107275569
0.015801	-0.004855098	-0.001605063	-0.004189723	0.13345696	0.110933667	0.104589413
0.015069	-0.007125006	-0.034542788	-0.008674724	0.132613323	0.109286477	0.105915505
0.0149088	-0.002650856	-0.004110603	-0.022031366	0.133942797	0.111846247	0.100060464
0.0142921	-0.055779499	-0.068640248	-0.046595413	0.130529804	0.109032972	0.113712595
0.0133265	-0.005072246	-0.010725363	-0.000853886	0.130114211	0.110348831	0.106248865
0.0145974	-0.010762776	-0.037977651	-0.002888828	0.140927818	0.118424597	0.104334288
0.013614	-1.80E-05	-0.001053063	-0.058802403	0.118109312	0.094361864	0.094764101
0.0135743	-0.00131546	-0.000287575	-0.003107259	0.128142716	0.104097748	0.094162179
0.0237251	-0.018995747	0.004161546	-0.053272578	0.118681663	0.0959577	0.100233375
0.0200666	-0.058630993	-0.027040218	-0.048693484	0.136092257	0.113770102	0.102438823
0.0153156	-0.005077244	-0.038224067	-0.020835489	0.145856805	0.125818943	0.119503957
0.0171032	-0.007240265	-0.026462572	-0.00938505	0.118882726	0.100818333	0.10660977
0.0131948	-0.009108439	-0.028521848	-0.033109186	0.127676201	0.10513035	0.110106837
0.0163214	-0.002639077	-0.003776298	-0.057800253	0.129078459	0.107945929	0.109774891
0.0147872	-0.000999643	-0.004892678	-0.025246642	0.118984356	0.099224691	0.107109784
0.017358	-0.00104192	-0.000121686	-0.003727297	0.125311662	0.103655373	0.099439299
0.0139339	-0.031273487	-0.022332623	-0.025880952	0.119044513	0.095372837	0.103829773
0.0154278	-0.034396703	-0.019032001	-0.049760062	0.140250376	0.118776299	0.114847511
0.0138531	-0.01784136	-0.0826553	-0.013358267	0.122013426	0.103930254	0.098389926
0.0149406	-0.001699785	-0.004780774	-0.001515894	0.128244312	0.104626951	0.11059422
0.0138029	-0.001954722	-0.002164219	-0.098698239	0.138820342	0.116782963	0.114532878
0.013767	-0.001210727	-0.000258846	-0.049551687	0.142360943	0.119871262	0.099027536
0.0127152	-0.001003668	-0.001889222	-0.006065334	0.128693201	0.104955595	0.1066932
0.0140283	-0.000253113	-0.011670095	-0.014253819	0.140529532	0.116346607	0.109229444
0.0119885	-0.006686992	-0.00205923	-0.004816874	0.123972666	0.103944267	0.112642937
0.0151714	-0.026209765	-0.036338694	-0.088456944	0.117827425	0.097291058	0.105319032
0.0149875	-0.002331161	-0.010137381	-0.018861758	0.133079717	0.112140926	0.109870967
0.0138463	-0.036733453	-0.045489386	-0.003920651	0.126662322	0.106741503	0.113537238
0.0135932	-0.069622162	-0.06124045	-0.023117408	0.135632031	0.113093018	0.106742778
0.0144656	-0.084995885	-0.03524038	-0.020262495	0.139735803	0.114053405	0.10432981
0.0116031	-0.003495979	-0.000164792	-0.01391847	0.139816882	0.115380332	0.105272046
0.0131765	-0.039181471	-0.0223157	-4.27E-05	0.13150088	0.108853897	0.108535101
0.0117051	-0.00012445	-0.001458669	-0.002102751	0.129433154	0.106675227	0.100079309
0.0134315	-0.020322146	-0.014596581	-0.012647723	0.126871403	0.106289943	0.113934928
0.0161014	-0.019558856	-0.010054764	-0.013967459	0.136128511	0.114185468	0.11555403
0.0116639	-0.008481303	-0.00043649	-0.001841128	0.139031988	0.118869898	0.117303543
0.0118896	-0.02097589	-0.044587839	-0.006493541	0.120875777	0.098919068	0.103510893
0.0134709	-0.024558944	-0.038228871	-0.096713754	0.124088307	0.101786422	0.11277574
0.0126523	-0.013006917	-0.004411876	-0.001618728	0.13735107	0.113611768	0.117656323
0.012074	-0.045868951	-0.142944128	-0.001243397	0.136245201	0.118959148	0.10970402
0.0122943	-0.005737184	-0.006574355	-0.033803727	0.141801951	0.120683614	0.108773501
0.0128457	-0.058390595	-0.109329487	-0.006980419	0.147019736	0.125671345	0.111955375
0.0127607	-0.047624105	-0.035769812	-0.003271702	0.133240106	0.109978943	0.108005156
0.0141561	-0.055641263	-0.037510072	-0.052059244	0.131440795	0.106787205	0.09910938
0.0112155	-0.000807347	-0.001227429	-6.73E-05	0.131092171	0.107883373	0.109665412
0.0135139	-2.61E-07	-0.010686327	-0.001812006	0.143718628	0.121014641	0.107577552
0.0140777	-0.051603519	-0.011146025	-0.040158894	0.139107248	0.114113802	0.104979322
0.0378278	-0.098743857	-0.163358966	-0.022679253	0.1354907	0.115718211	0.1104151
0.0321888	-0.002943107	-0.000481683	-0.000653881	0.118226403	0.098490377	0.111340135
0.0321372	-0.013321036	-0.00861339	-0.02036174	0.144415595	0.121324443	0.110684859
0.0326514	-0.009560387	-0.005742341	-0.015103593	0.136197357	0.112224386	0.115116425
0.0315481	-0.078297865	-0.083912846	-0.036444601	0.135146952	0.112339413	0.119965115
0.0255008	-0.004500959	-0.02442818	-0.00098035	0.140382644	0.118203673	0.109713976
0.0267626	-0.036052035	-0.018008583	-0.035934538	0.117799719	0.097663276	0.118421886
0.0257437	-1.53E-05	-0.000965072	-0.006600412	0.137329131	0.111601981	0.10047935
0.026051	-0.025146302	-0.01356938	-0.052905401	0.122413161	0.097109467	0.112672977
0.0262229	-0.058145834	-0.049423064	-0.038713331	0.141696556	0.11708749	0.102865487
0.0265212	-0.003483258	-0.031539552	-0.013647387	0.136306885	0.115649356	0.108644898
0.0255578	-0.000276737	-0.001400115	-0.002653894	0.143657761	0.118591663	0.101477476
0.0245705	-0.001765435	-0.001241442	-0.000122006	0.138996932	0.119426501	0.112761447
0.0241451	-3.54E-05	-0.01366927	-0.007858635	0.130050421	0.108691242	0.111508605
0.0210899	-0.001756307	-2.66E-05	-0.000356115	0.139231034	0.114168356	0.114369762
